id,title,media_type,original_title,release_date
928773,Whisper,movie,Whisper,2022-01-23
7445,Brothers,movie,Brothers,2009-12-02
982620,Maneater,movie,Maneater,2022-08-26
752623,The Lost City,movie,The Lost City,2022-03-24
850028,"Alice, Darling",movie,"Alice, Darling",2022-12-30
791155,Secret Headquarters,movie,Secret Headquarters,2022-08-12
38757,Tangled,movie,Tangled,2010-11-24
626735,Dog,movie,Dog,2022-02-17
12445,Harry Potter and the Deathly Hallows: Part 2,movie,Harry Potter and the Deathly Hallows: Part 2,2011-07-12
1022728,Time Pirates,movie,Time Pirates,2022-09-09
760104,X,movie,X,2022-03-17
299534,Avengers: Endgame,movie,Avengers: Endgame,2019-04-24
872177,Corrective Measures,movie,Corrective Measures,2022-04-29
629176,Samaritan,movie,Samaritan,2022-08-25
338953,Fantastic Beasts: The Secrets of Dumbledore,movie,Fantastic Beasts: The Secrets of Dumbledore,2022-04-06
933943,Schächten,movie,Schächten,2022-07-30
1059673,Avatar: The Deep Dive - A Special Edition of 20/20,movie,Avatar: The Deep Dive - A Special Edition of 20/20,2022-12-14
675,Harry Potter and the Order of the Phoenix,movie,Harry Potter and the Order of the Phoenix,2007-07-08
580489,Venom: Let There Be Carnage,movie,Venom: Let There Be Carnage,2021-09-30
862965,Emily the Criminal,movie,Emily the Criminal,2022-08-12
744276,After Ever Happy,movie,After Ever Happy,2022-08-24
585083,Hotel Transylvania: Transformania,movie,Hotel Transylvania: Transformania,2022-02-25
262743,Office Love: Behind Closed Doors,movie,オフィスラブ　真昼の禁猟区,1985-07-20
674,Harry Potter and the Goblet of Fire,movie,Harry Potter and the Goblet of Fire,2005-11-16
673,Harry Potter and the Prisoner of Azkaban,movie,Harry Potter and the Prisoner of Azkaban,2004-05-31
676841,Unhappily Ever After,movie,Infelices para Siempre,2023-01-26
337167,Fifty Shades Freed,movie,Fifty Shades Freed,2018-01-17
878183,The Independent,movie,The Independent,2022-11-02
808,Shrek,movie,Shrek,2001-05-18
24428,The Avengers,movie,The Avengers,2012-04-25
676701,"Tad, the Lost Explorer and the Emerald Tablet",movie,Tadeo Jones 3: La Tabla Esmeralda,2022-08-24
836225,The Exorcism of God,movie,The Exorcism of God,2022-03-11
111332,Avatar: Creating the World of Pandora,movie,Avatar: Creating the World of Pandora,2010-02-07
1003813,Out of the Blue,movie,Out of the Blue,2022-08-26
852046,Athena,movie,Athena,2022-09-09
715931,Emancipation,movie,Emancipation,2022-12-02
934641,The Minute You Wake Up Dead,movie,The Minute You Wake Up Dead,2022-11-04
335787,Uncharted,movie,Uncharted,2022-02-10
924482,The Ledge,movie,The Ledge,2022-02-18
760161,Orphan: First Kill,movie,Orphan: First Kill,2022-07-27
816904,Mummies,movie,Momias,2023-01-05
102899,Ant-Man,movie,Ant-Man,2015-07-14
1726,Iron Man,movie,Iron Man,2008-04-30
811656,Monstrous,movie,Monstrous,2022-05-13
717980,Sharper,movie,Sharper,2023-02-10
820067,The Quintessential Quintuplets Movie,movie,映画 五等分の花嫁,2022-05-20
767,Harry Potter and the Half-Blood Prince,movie,Harry Potter and the Half-Blood Prince,2009-07-15
985335,Girl at the Window,movie,Girl at the Window,2022-08-18
597,Titanic,movie,Titanic,1997-11-18
672,Harry Potter and the Chamber of Secrets,movie,Harry Potter and the Chamber of Secrets,2002-11-13
68721,Iron Man 3,movie,Iron Man 3,2013-04-18
934433,Scream VI,movie,Scream VI,2023-03-08
768744,My Hero Academia: World Heroes' Mission,movie,僕のヒーローアカデミア THE MOVIE ワールド ヒーローズ ミッション,2021-08-06
855440,Polar,movie,Polar,2022-10-26
820232,Demon Slayer: Kimetsu no Yaiba Sibling's Bond,movie,鬼滅の刃 兄妹の絆,2019-03-29
585511,Luck,movie,Luck,2022-08-05
671,Harry Potter and the Philosopher's Stone,movie,Harry Potter and the Philosopher's Stone,2001-11-16
1027159,Lupin The 3rd vs. Cat’s Eye,movie,ルパン三世VSキャッツ・アイ,2023-01-23
848058,Piggy,movie,Cerdita,2022-10-07
864101,Mira,movie,Мира,2022-12-22
960258,Shark Bait,movie,Shark Bait,2022-05-13
438695,Sing 2,movie,Sing 2,2021-12-01
1040603,Orgasm Inc: The Story of OneTaste,movie,Orgasm Inc: The Story of OneTaste,2022-11-05
916605,The Infernal Machine,movie,The Infernal Machine,2022-09-23
756999,The Black Phone,movie,The Black Phone,2022-06-22
508947,Turning Red,movie,Turning Red,2022-03-10
683328,The Big 4,movie,The Big 4,2022-12-19
324786,Hacksaw Ridge,movie,Hacksaw Ridge,2016-10-07
568124,Encanto,movie,Encanto,2021-10-13
1024546,Detective Knight: Rogue,movie,Detective Knight: Rogue,2022-10-21
760741,Beast,movie,Beast,2022-08-11
792775,Cop Secret,movie,Leynilögga,2022-05-23
497828,Triangle of Sadness,movie,Triangle of Sadness,2022-09-18
545611,Everything Everywhere All at Once,movie,Everything Everywhere All at Once,2022-03-24
732459,Blade of the 47 Ronin,movie,Blade of the 47 Ronin,2022-10-25
751741,Night at the Museum: Kahmunrah Rises Again,movie,Night at the Museum: Kahmunrah Rises Again,2022-12-09
67308,3-D Sex and Zen: Extreme Ecstasy,movie,3D肉蒲團之極樂寶鑑,2011-04-14
987750,Inspector Sun and the Curse of the Black Widow,movie,Inspector Sun y la maldición de la viuda negra,2022-12-28
754452,The Last Manhunt,movie,The Last Manhunt,2022-11-18
869112,Somebody I Used to Know,movie,Somebody I Used to Know,2023-02-10
880841,Abandoned,movie,Abandoned,2022-06-17
575322,Project Gemini,movie,Звёздный разум,2022-01-06
766507,Prey,movie,Prey,2022-08-02
661374,Glass Onion: A Knives Out Mystery,movie,Glass Onion: A Knives Out Mystery,2022-11-12
882598,Smile,movie,Smile,2022-09-23
610150,Dragon Ball Super: Super Hero,movie,ドラゴンボール超 スーパーヒーロー,2022-06-11
675353,Sonic the Hedgehog 2,movie,Sonic the Hedgehog 2,2022-03-30
899579,There's Something Wrong with the Children,movie,There's Something Wrong with the Children,2023-01-17
740441,Unlocked,movie,스마트폰을 떨어뜨렸을 뿐인데,2023-02-17
299536,Avengers: Infinity War,movie,Avengers: Infinity War,2018-04-25
810693,Jujutsu Kaisen 0,movie,劇場版 呪術廻戦 0,2021-12-24
438148,Minions: The Rise of Gru,movie,Minions: The Rise of Gru,2022-06-29
830784,"Lyle, Lyle, Crocodile",movie,"Lyle, Lyle, Crocodile",2022-10-07
717728,Jeepers Creepers: Reborn,movie,Jeepers Creepers: Reborn,2022-09-15
1045944,The Boss Baby: Christmas Bonus,movie,The Boss Baby: Christmas Bonus,2022-12-06
718930,Bullet Train,movie,Bullet Train,2022-08-03
646385,Scream,movie,Scream,2022-01-12
453395,Doctor Strange in the Multiverse of Madness,movie,Doctor Strange in the Multiverse of Madness,2022-05-04
32516,The Forbidden Legend: Sex & Chopsticks 2,movie,金瓶梅2 愛的奴隸,2009-03-04
1078862,All the Places,movie,A Todas Partes,2023-02-14
1063422,The Strays,movie,The Strays,2023-02-17
542196,Wolf Hound,movie,Wolf Hound,2022-06-03
551271,Medieval,movie,Medieval,2022-09-08
507086,Jurassic World Dominion,movie,Jurassic World Dominion,2022-06-01
411,"The Chronicles of Narnia: The Lion, the Witch and the Wardrobe",movie,"The Chronicles of Narnia: The Lion, the Witch and the Wardrobe",2005-12-07
615777,Babylon,movie,Babylon,2022-12-22
788752,Viking Wolf,movie,Vikingulven,2022-11-18
943822,Prizefighter: The Life of Jem Belcher,movie,Prizefighter: The Life of Jem Belcher,2022-06-30
877703,Teen Wolf: The Movie,movie,Teen Wolf: The Movie,2023-01-18
818422,Ritual,movie,Ritueel,2022-09-07
980078,Winnie the Pooh: Blood and Honey,movie,Winnie the Pooh: Blood and Honey,2023-01-27
740952,Savage Salvation,movie,Savage Salvation,2022-12-02
873126,My Name Is Vendetta,movie,Il mio nome è vendetta,2022-11-30
49046,All Quiet on the Western Front,movie,Im Westen nichts Neues,2022-10-07
877269,Strange World,movie,Strange World,2022-11-23
838484,Choose or Die,movie,Choose or Die,2022-04-15
966220,Sniper: The White Raven,movie,Снайпер. Білий ворон,2022-05-03
668482,Roald Dahl's Matilda the Musical,movie,Roald Dahl's Matilda the Musical,2022-11-25
899112,Violent Night,movie,Violent Night,2022-11-30
480530,Creed II,movie,Creed II,2018-11-21
724495,The Woman King,movie,The Woman King,2022-09-16
312221,Creed,movie,Creed,2015-11-25
1013870,Kids vs. Aliens,movie,Kids vs. Aliens,2023-01-20
587092,Unicorn Wars,movie,Unicorn Wars,2022-10-21
1013860,R.I.P.D. 2: Rise of the Damned,movie,R.I.P.D. 2: Rise of the Damned,2022-11-15
634649,Spider-Man: No Way Home,movie,Spider-Man: No Way Home,2021-12-15
616037,Thor: Love and Thunder,movie,Thor: Love and Thunder,2022-07-06
746524,Blood,movie,Blood,2023-01-12
555604,Guillermo del Toro's Pinocchio,movie,Guillermo del Toro's Pinocchio,2022-11-09
947938,Dolphin Boy,movie,Мальчик-дельфин,2022-04-07
361743,Top Gun: Maverick,movie,Top Gun: Maverick,2022-05-24
842544,Transfusion,movie,Transfusion,2023-01-05
840789,Matadero,movie,Matadero,2022-12-09
676547,Prey for the Devil,movie,Prey for the Devil,2022-10-23
887379,Luz Mala,movie,Luz Mala,2022-11-17
653851,Devotion,movie,Devotion,2022-11-23
996727,The Price We Pay,movie,The Price We Pay,2023-01-13
852096,We Have a Ghost,movie,We Have a Ghost,2023-02-24
1058732,The Simpsons Meet the Bocellis in Feliz Navidad,movie,The Simpsons Meet the Bocellis in Feliz Navidad,2022-12-15
1003580,Legion of Super-Heroes,movie,Legion of Super-Heroes,2023-02-07
736526,Troll,movie,Troll,2022-12-01
599019,Big Trip 2: Special Delivery,movie,Большое путешествие. Специальная доставка,2022-10-07
955991,The Offering,movie,The Offering,2022-09-23
931954,Venus,movie,Venus,2022-12-02
668482,Roald Dahl's Matilda the Musical,movie,Roald Dahl's Matilda the Musical,2022-11-25
480530,Creed II,movie,Creed II,2018-11-21
724495,The Woman King,movie,The Woman King,2022-09-16
631842,Knock at the Cabin,movie,Knock at the Cabin,2023-02-01
505642,Black Panther: Wakanda Forever,movie,Black Panther: Wakanda Forever,2022-11-09
315162,Puss in Boots: The Last Wish,movie,Puss in Boots: The Last Wish,2022-12-07
1011679,Shark Side of the Moon,movie,Shark Side of the Moon,2022-08-12
646389,Plane,movie,Plane,2023-01-12
1058949,Little Dixie,movie,Little Dixie,2023-02-03
772515,Huesera: The Bone Woman,movie,Huesera,2023-02-10
965839,Lord of the Streets,movie,Lord of the Streets,2022-04-22
536554,M3GAN,movie,M3GAN,2022-12-28
842942,Bandit,movie,Bandit,2022-09-23
677179,Creed III,movie,Creed III,2023-03-01
758009,Shotgun Wedding,movie,Shotgun Wedding,2022-12-28
640146,Ant-Man and the Wasp: Quantumania,movie,Ant-Man and the Wasp: Quantumania,2023-02-15
267805,There Are No Saints,movie,There Are No Saints,2022-05-27
937278,A Man Called Otto,movie,A Man Called Otto,2022-12-28
436270,Black Adam,movie,Black Adam,2022-10-19
1035806,Detective Knight: Independence,movie,Detective Knight: Independence,2023-01-20
550988,Free Guy,movie,Free Guy,2021-08-11
613504,After We Collided,movie,After We Collided,2020-09-02
588228,The Tomorrow War,movie,The Tomorrow War,2021-09-03
72190,World War Z,movie,World War Z,2013-06-20
214756,Ted 2,movie,Ted 2,2015-06-25
438631,Dune,movie,Dune,2021-09-15
1075536,Suki,movie,Suki,2023-02-24
317442,The Last: Naruto the Movie,movie,THE LAST -NARUTO THE MOVIE-,2014-12-06
648579,The Unbearable Weight of Massive Talent,movie,The Unbearable Weight of Massive Talent,2022-04-20
49013,Cars 2,movie,Cars 2,2011-06-11
295830,Attack on Titan,movie,進撃の巨人 ATTACK ON TITAN,2015-08-01
674324,The Banshees of Inisherin,movie,The Banshees of Inisherin,2022-10-20
425909,Ghostbusters: Afterlife,movie,Ghostbusters: Afterlife,2021-11-11
585245,Clifford the Big Red Dog,movie,Clifford the Big Red Dog,2021-11-10
335984,Blade Runner 2049,movie,Blade Runner 2049,2017-10-04
337339,The Fate of the Furious,movie,The Fate of the Furious,2017-04-12
883083,You Won't Be Alone,movie,You Won't Be Alone,2022-04-01
150540,Inside Out,movie,Inside Out,2015-06-09
330457,Frozen II,movie,Frozen II,2019-11-20
736500,Retirement Home,movie,Maison de retraite,2022-02-16
804095,The Fabelmans,movie,The Fabelmans,2022-11-11
592350,My Hero Academia: Heroes Rising,movie,僕のヒーローアカデミア THE MOVIE ヒーローズ：ライジング,2019-12-20
916719,Code Name Banshee,movie,Code Name Banshee,2022-07-01
18785,The Hangover,movie,The Hangover,2009-06-02
91314,Transformers: Age of Extinction,movie,Transformers: Age of Extinction,2014-06-25
1025169,The Trapped 13: How We Survived The Thai Cave,movie,13 หมูป่า: เรื่องเล่าจากในถ้ำ,2022-10-05
844396,The Friendship Game,movie,The Friendship Game,2022-11-11
499338,I Believe,movie,I Believe,2019-06-06
177572,Big Hero 6,movie,Big Hero 6,2014-10-24
806929,The Immaculate Room,movie,The Immaculate Room,2022-08-19
846778,Margaux,movie,Margaux,2022-09-09
138843,The Conjuring,movie,The Conjuring,2013-07-18
898308,Darby and the Dead,movie,Darby and the Dead,2022-12-02
303857,Dragon Ball Z: Resurrection 'F',movie,ドラゴンボールZ 復活の「F」,2015-04-18
